name,keyword,cnt
博丽灵梦,博麗霊夢,116982
雾雨魔理沙,霧雨魔理沙,94989
神玉,SinGyoku,256
魅魔,魅魔 東方,5188
菊理,菊理,112
矜羯罗,Konngara,284
幽幻魔眼,幽幻魔眼,29
依莉斯,Elis,665
萨丽爱尔,サリエル,2108
玄爷,玄爺,257
里香,里香,1325
明罗,明羅,767
爱莲,爱莲,0
小兔姬,小兎姫,797
卡娜·安娜贝拉尔,カナ・アナベラル,2017
北白河千百合,北白河ちゆり,1605
冈崎梦美,岡崎夢美,3408
奥莲姬,奥莲姬,0
胡桃,胡桃,0
梦月,夢月,1780
幻月,幻月,2316
萨拉,萨拉,0
雪,ユキ(東方Project),560
舞,舞,0
梦子,夢子,1715
神绮,神綺,4025
露米娅,ルーミア,69530
大妖精,大妖精,22867
琪露诺,チルノ,118096
红美铃,紅美鈴,31961
小恶魔,小悪魔(東方Project),3150
帕秋莉·诺蕾姬,パチュリー,30134
十六夜咲夜,十六夜咲夜,61073
蕾米莉亚·斯卡蕾特,レミリア・スカーレット,62362
芙兰朵露·斯卡蕾特,フランドール・スカーレット,82645
蕾蒂·霍瓦特洛克,レティ・ホワイトロック,9263
橙,橙,36814
爱丽丝·玛格特洛依德,アリス・マーガトロイド,53675
莉莉霍瓦特,リリーホワイト,10027
露娜萨·普莉兹姆利巴,ルナサ,4046
梅露兰·普莉兹姆利巴,メルラン,1685
莉莉卡·普莉兹姆利巴,プリズムリバー,1531
魂魄妖梦,魂魄妖夢,58859
西行寺幽幽子,西行寺幽々子,29701
八云蓝,八雲藍,25299
八云紫,八雲紫,40830
伊吹萃香,伊吹萃香,20699
莉格露·奈特巴格,リグル,12738
米斯蒂娅·萝蕾拉,ミスティア・ローレライ,15367
上白泽慧音,上白沢慧音,16113
因幡天为,因幡てゐ,18302
铃仙·优昙华院·因幡,鈴仙・優曇華院・イナバ,30466
八意永琳,八意永琳,11502
蓬莱山辉夜,蓬莱山輝夜,17196
藤原妹红,藤原妹紅,37230
梅蒂欣·梅兰可莉,メディスン・メランコリー,7094
风见幽香,風見幽香,31311
小野塚小町,小野塚小町,12630
四季映姬·夜摩仙那度,四季映姫・ヤマザナドゥ,10542
秋静叶,秋静葉,10184
秋穰子,秋穣子,9969
键山雏,鍵山雛,23141
河城荷取,河城にとり,27377
犬走椛,犬走椛,35046
东风谷早苗,東風谷早苗,47715
八坂神奈子,八坂神奈子,15016
洩矢诹访子,洩矢諏訪子,30294
永江衣玖,永江衣玖,11814
比那名居天子,比那名居天子,28824
琪斯美,キスメ,6716
黑谷山女,黒谷ヤマメ,10118
水桥帕露西,水橋パルスィ,19749
星熊勇仪,星熊勇儀,11145
古明地觉,古明地さとり,46895
火焰猫燐,火焔猫燐,18234
灵乌路空,霊烏路空,26706
古明地恋,古明地こいし,78041
娜兹玲,ナズーリン,30954
多多良小伞,多々良小傘,24752
云居一轮云山,雲山,3747
村纱水蜜,村紗水蜜,11722
寅丸星,寅丸星,16847
圣白莲,聖白蓮,16204
封兽鵺,封獣ぬえ,19644
姬海棠果,姫海棠はたて,10313
幽谷响子,幽谷響子,9706
宫古芳香,宮古芳香,10779
霍青娥,霍青娥,9259
苏我屠自古,蘇我屠自古,9801
物部布都,物部布都,16122
丰聪耳神子,豊聡耳神子,13706
二岩猯藏,二ッ岩マミゾウ,5996
秦心,秦こころ,13128
若鹭姬,わかさぎ姫,6781
赤蛮奇,赤蛮奇,10425
今泉影狼,今泉影狼,9982
九十九弁弁,九十九弁々,3245
九十九八桥,九十九八橋,2755
鬼人正邪,鬼人正邪,10682
少名针妙丸,少名針妙丸,8289
堀川雷鼓,堀川雷鼓,3570
宇佐见堇子,宇佐見菫子,4913
清兰,清蘭,6910
铃瑚,鈴瑚,3345
哆来咪·苏伊特,ドレミー・スイート,6916
稀神探女,稀神サグメ,6815
克劳恩皮丝,クラウンピース,7758
纯狐,純狐,7837
赫卡提亚·拉碧斯拉祖利,ヘカーティア・ラピスラズリ,5045
依神女苑,依神女苑,4019
依神紫苑,依神紫苑,6318
爱塔妮缇拉尔瓦,エタニティラルバ,2276
坂田合欢,坂田ネムノ,1337
高丽野阿吽,高麗野あうん,4135
矢田寺成美,矢田寺成美,2755
尔子田里乃,爾子田里乃,2101
丁礼田舞,丁礼田舞,2277
摩多罗隐岐奈,摩多羅隠岐奈,4488
戎璎花,戎瓔花,1346
牛崎润美,牛崎潤美,1329
庭渡久侘歌,庭渡久侘歌,5134
吉吊八千慧,吉弔八千慧,4507
杖刀偶磨弓,杖刀偶磨弓,3197
埴安神袿姬,埴安神袿姫,3598
骊驹早鬼,驪駒早鬼,3044
饕餮尤魔,饕餮尤魔,3371
豪德寺三花,豪徳寺ミケ,2376
山城高岭,山城たかね,1301
驹草山如,駒草山如,729
玉造魅须丸,玉造魅須丸,753
菅牧典,菅牧典,3491
饭纲丸龙,飯綱丸龍,2645
天弓千亦,天弓千亦,2482
姬虫百百世,姫虫百々世,1619
孙美天,孫美天,885
三头慧之子,三頭慧ノ子,737
天火人血枪,天火人ちやり,980
豫母都日狭美,豫母都日狭美,1091
日白残无,日白残無,928
射命丸文,射命丸文,41889
森近霖之助,森近霖之助,14112
桑尼米尔克,サニーミルク,4784
露娜切露德,ルナチャイルド,4433
斯塔萨菲雅,スターサファイア,4587
绵月丰姬,綿月豊姫,1998
绵月依姬,綿月依姫,2999
Reisen,レイセン,2658
稗田阿求,稗田阿求,7581
茨木华扇,茨木華扇,9858
本居小铃,本居小鈴,4861
宫出口瑞灵,宮出口瑞霊,634
奥野田美宵,奥野田美宵,943
宇佐见莲子,宇佐見蓮子,17332
玛艾露贝莉·赫恩,マエリベリー・ハーン,15473
